Name,Tags,ID,L,Status,Year,Extra
UK,Observatorio,PRO-1343,2,Not started,,
UAE,Observatorio,PRO-1346,3,Not started,,
MIT,Observatorio,PRO-1378,3,Not started,,
ONU,Observatorio,PRO-1382,3,Not started,,
ADP,Observatorio,PRO-1496,3,Not started,,
PwC,Observatorio,PRO-1502,3,Not started,,
Qlik,Observatorio,PRO-1135,4,Not started,,Information Technology
Iran,Observatorio,PRO-1313,4,Not started,,
KPMG,Observatorio,PRO-1347,4,Not started,,
ITRI,Observatorio,PRO-1354,4,Not started,,
Visa,Observatorio,PRO-1487,4,Not started,,
ASML,Observatorio,PRO-1488,4,Not started,,
Saab,Observatorio,PRO-1490,4,Not started,,
Xero,Observatorio,PRO-1497,4,Not started,,
RUAG,Observatorio,PRO-1498,4,Not started,,
Cuba,Observatorio,PRO-1598,4,Not started,,
China,,PRO-1677,5,Not started,,
Infor,Observatorio,PRO-1139,5,Not started,,Information Technology
RIKEN,Observatorio,PRO-1230,5,Not started,,
Baidu,Observatorio,PRO-1299,5,Not started,,
India,Observatorio,PRO-1308,5,Not started,,
Haiti,Observatorio,PRO-1310,5,Not started,,
Japan,Observatorio,PRO-1320,5,Not started,,Reseña
Italy,Observatorio,PRO-1331,5,Not started,,
Riken,Observatorio,PRO-1360,5,Not started,,
Terma,Observatorio,PRO-1463,5,Not started,,
Infor,Observatorio,PRO-1482,5,Not started,,
Honda,Observatorio,PRO-1558,5,Not started,,
Chile,Observatorio,PRO-1600,5,Not started,,
España,,PRO-1680,6,Not started,,
SAP SE,Observatorio,PRO-1142,6,Not started,,Information Technology
NASDAQ,Observatorio,PRO-1147,6,Not started,,Finance Industry
SpaceX,Observatorio,PRO-1222,6,Not started,,
Sebrae,Observatorio,PRO-1263,6,Not started,,
Gerdau,Observatorio,PRO-1302,6,Not started,,
Poland,Observatorio,PRO-1307,6,Not started,,Reseña
Israel,Observatorio,PRO-1309,6,Not started,,Reseña
Sweden,Observatorio,PRO-1311,6,Not started,,Reseña
Grecia,Observatorio,PRO-1323,6,Not started,,
Turkey,Observatorio,PRO-1326,6,Not started,,
Norway,Observatorio,PRO-1327,6,Not started,,
France,Observatorio,PRO-1328,6,Not started,,
Russia,Observatorio,PRO-1329,6,Not started,,
Brazil,Observatorio,PRO-1333,6,Not started,,
Taiwan,Observatorio,PRO-1340,6,Not started,,
Canada,Observatorio,PRO-1341,6,Not started,,
Fundar,Observatorio,PRO-1399,6,Not started,,
Mitsui,Observatorio,PRO-1483,6,Not started,,
Patria,Observatorio,PRO-1525,6,Not started,,
México,Observatorio,PRO-1596,6,Not started,,
ISS A/S,Observatorio,PRO-1115,7,Not started,,Service Industry
BASF SE,Observatorio,PRO-1129,7,Not started,,Chemical Industry
Ukraine,Observatorio,PRO-1217,7,Not started,,
Hungary,Observatorio,PRO-1303,7,Not started,,
Denmark,Observatorio,PRO-1312,7,Not started,,
Estonia,Observatorio,PRO-1314,7,Not started,,
Ireland,Observatorio,PRO-1317,7,Not started,,
Finland,Observatorio,PRO-1322,7,Not started,,
Austria,Observatorio,PRO-1324,7,Not started,,
Germany,Observatorio,PRO-1336,7,Not started,,
Vietnam,Observatorio,PRO-1338,7,Not started,,
Belgium,Observatorio,PRO-1339,7,Not started,,
Romania,Observatorio,PRO-1344,7,Not started,,State
Bruegel,Observatorio,PRO-1403,7,Not started,,
HubSpot,Observatorio,PRO-1444,7,Not started,,
"SAP SE ",Observatorio,PRO-1460,7,Not started,,
Shopify,Observatorio,PRO-1470,7,Not started,,
Globant,Observatorio,PRO-1474,7,Not started,,
Odoo SA,Observatorio,PRO-1494,7,Not started,,
Infosys,Observatorio,PRO-1517,7,Not started,,
Abengoa,Observatorio,PRO-1552,7,Not started,,
Ecuador,Observatorio,PRO-1592,7,Not started,,
Uruguay,Observatorio,PRO-1595,7,Not started,,
JBS S.A.,Observatorio,PRO-1124,8,Not started,,Food Industry
Euronext,Observatorio,PRO-1625,8,Not started,,Finance Industry
ProChile,Observatorio,PRO-1164,8,Not started,,
Ethiopia,Observatorio,PRO-1257,8,Not started,,
Botswana,Observatorio,PRO-1259,8,Not started,,
Embrapii,Observatorio,PRO-1261,8,Not started,,
Bayer AG,Observatorio,PRO-1283,8,Not started,,Chemical Industry
Malaysia,Observatorio,PRO-1315,8,Not started,,
Portugal,Observatorio,PRO-1318,8,Not started,,
Thailand,Observatorio,PRO-1345,8,Not started,,
Tecnalia,Observatorio,PRO-1405,8,Not started,,
Telegram,Observatorio,PRO-1450,8,Not started,,
ABB Ltd.,Observatorio,PRO-1467,8,Not started,,
Deloitte,Observatorio,PRO-1519,8,Not started,,
Axa S.A.,Observatorio,PRO-1536,8,Not started,,
Colombia,Observatorio,PRO-1590,8,Not started,,
Paraguay,Observatorio,PRO-1599,8,Not started,,
Hong Kong,Observatorio,PRO-1679,9,Not started,,
Marel hf.,Observatorio,PRO-1114,9,Not started,,Food Industry
SBA Group,Observatorio,PRO-1117,9,Not started,,Business Group
Valio Ltd,Observatorio,PRO-1120,9,Not started,,Finance Industry
REITAN AS,Observatorio,PRO-1121,9,Not started,,Food Industry
Fortescue,Observatorio,PRO-1198,9,Not started,,
"XPO, Inc.",Observatorio,PRO-1212,9,Not started,,
DHL Group,Observatorio,PRO-1215,9,Not started,,
Mauritius,Observatorio,PRO-1258,9,Not started,,
Airbus SE,Observatorio,PRO-1278,9,Not started,,
Australia,Observatorio,PRO-1319,9,Not started,,
Singapore,Observatorio,PRO-1332,9,Not started,,
Lithuania,Observatorio,PRO-1337,9,Not started,,
Indonesia,Observatorio,PRO-1342,9,Not started,,
Bell Labs,Observatorio,PRO-1362,9,Not started,,
Accenture,Observatorio,PRO-1448,9,Not started,,
Capgemini,Observatorio,PRO-1452,9,Not started,,
Atlassian,Observatorio,PRO-1459,9,Not started,,
37signals,Observatorio,PRO-1524,9,Not started,,
Asana Inc,Observatorio,PRO-1529,9,Not started,,Information Technology
Venezuela,Observatorio,PRO-1593,9,Not started,,
Argentina,Observatorio,PRO-1597,9,Not started,,
Sandvik AB,Observatorio,PRO-1188,10,Not started,,Heavy Equipment
Governance,,PRO-1046,10,Not started,,Organization
Automattic,Observatorio,PRO-1447,10,Not started,,
Siemens AG,Observatorio,PRO-1454,10,Not started,,
Sage Group,Observatorio,PRO-1462,10,Not started,,
Tata Group,Observatorio,PRO-1475,10,Not started,,Business Group
FreshBooks,Observatorio,PRO-1481,10,Not started,,
Xerox PARC,Observatorio,PRO-1484,10,Not started,,
Andritz AG,Observatorio,PRO-1508,10,Not started,,
Ebro Foods,Observatorio,PRO-1531,10,Not started,,Food Industry
World Bank,Observatorio,PRO-1547,10,Not started,,
Laboratory,,PRO-1660,10,Not started,,
Costa Rica,Observatorio,PRO-1591,10,Not started,,
Investor AB,Observatorio,PRO-1116,11,Not started,,Business Group
Enel S.p.A.,Observatorio,PRO-1636,11,Not started,,
Bajaj Group,Observatorio,PRO-1638,11,Not started,,
Grupo Carso,Observatorio,PRO-1639,11,Not started,,
El Salvador,,PRO-1005,11,Not started,,
Nestlé S.A.,Observatorio,PRO-1284,11,Not started,,Food Industry
Sanofi S.A.,Observatorio,PRO-1289,11,Not started,,
Novartis AG,Observatorio,PRO-1291,11,Not started,,
Pfizer Inc.,Observatorio,PRO-1292,11,Not started,,
New Zealand,Observatorio,PRO-1316,11,Not started,,
Switzerland,Observatorio,PRO-1330,11,Not started,,
Netherlands,Observatorio,PRO-1334,11,Not started,,
South Korea,Observatorio,PRO-1335,11,Not started,,
Fab Academy,Observatorio,PRO-1379,11,Not started,,
BAE Systems,Observatorio,PRO-1455,11,Not started,,
Claro Cloud,Observatorio,PRO-1456,11,Not started,,
Quicken Inc,Observatorio,PRO-1465,11,Not started,,
Netflix Inc,Observatorio,PRO-1485,11,Not started,,
Intuit Inc.,Observatorio,PRO-1489,11,Not started,,Information Technology
Command Bar,Observatorio,PRO-1513,11,Not started,,
Grupo Bimbo,Observatorio,PRO-1548,11,Not started,,
Puerto Rico,,PRO-1006,11,Not started,,
Philippines,Observatorio,PRO-1594,11,Not started,,
Grupo Romero,Observatorio,PRO-1112,12,Not started,,Business Group
ABI Research,Observatorio,PRO-1637,12,Not started,,
Komatsu Ltd.,Observatorio,PRO-1195,12,Not started,,Heavy Equipment
Grupo México,Observatorio,PRO-1197,12,Not started,,Mining Industry
Glencore plc,Observatorio,PRO-1202,12,Not started,,
IBM Research,Observatorio,PRO-1233,12,Not started,,Information Technology
Embraer S.A.,Observatorio,PRO-1275,12,Not started,,
Saudi Arabia,Observatorio,PRO-1325,12,Not started,,
"Workday, Inc",Observatorio,PRO-1442,12,Not started,,
Virgin Group,Observatorio,PRO-1458,12,Not started,,Business Group
Tiny Capital,Observatorio,PRO-1466,12,Not started,,
Toyota Group,Observatorio,PRO-1503,12,Not started,,
"Hitachi, Ltd",Observatorio,PRO-1512,12,Not started,,Business Group
Y Combinator,Observatorio,PRO-1518,12,Not started,,
Schwarz Group,Observatorio,PRO-1127,13,Not started,,Retail Industry
"HubSpot, Inc.",Observatorio,PRO-1138,13,Not started,,Information Technology
Rhodium Group,Observatorio,PRO-1248,13,Not started,,
"PepsiCo, Inc.",Observatorio,PRO-1288,13,Not started,,
Alibaba Group,Observatorio,PRO-1298,13,Not started,,
Samsung Group,Observatorio,PRO-1445,13,Not started,,Business Group
Elbit Systems,Observatorio,PRO-1469,13,Not started,,
"Docusign, Inc",Observatorio,PRO-1479,13,Not started,,
Bank of Japan,Observatorio,PRO-1542,13,Not started,,"Case Study, Central Bank"
Carl Zeiss AG,Observatorio,PRO-1565,13,Not started,,
MicroPort Inc.,,PRO-1675,14,Not started,,
Grupo Corripio,Observatorio,PRO-1113,14,Not started,,Business Group
ByteDance Ltd.,Observatorio,PRO-1605,14,Not started,,
"Fortinet, Inc.",Observatorio,PRO-1134,14,Not started,,Information Technology
Snowflake Inc.,Observatorio,PRO-1143,14,Not started,,Information Technology
Borsa İstanbul,Observatorio,PRO-1618,14,Not started,,Finance Industry
"Alphabet, Inc.",Observatorio,PRO-1296,14,Not started,,Information Technology
Czech Republic,Observatorio,PRO-1321,14,Not started,,
UCL Policy Lab,Observatorio,PRO-1418,14,Not started,,
Lowy Institute,Observatorio,PRO-1424,14,Not started,,
Cato Institute,Observatorio,PRO-1432,14,Not started,,
ST Engineering,Observatorio,PRO-1476,14,Not started,,
Tokyo Electron,Observatorio,PRO-1478,14,Not started,,
Salesforce Inc,Observatorio,PRO-1495,14,Not started,,
Sumitomo Group,Observatorio,PRO-1528,14,Not started,,
RD 1.0 Dominix,Observatorio,PRO-1601,14,Not started,,"PRO-2, Proyecto"
UBtech Robotics,Observatorio,PRO-1670,15,Not started,,Robotics Industry
Bunge Global SA,Observatorio,PRO-1125,15,Not started,,Food Industry
Bolsa de Madrid,Observatorio,PRO-1609,15,Not started,,Finance Industry
Banco do Brasil,Observatorio,PRO-1149,15,Not started,,
Banco de España,"Lab. Arbitrista, Observatorio",PRO-1150,15,Not started,,
Bank of England,Observatorio,PRO-1627,15,Not started,,
Deere & Company,Observatorio,PRO-1193,15,Not started,,Heavy Equipment
Rio Tinto Group,Observatorio,PRO-1201,15,Not started,,Mining Industry
RTX Corporation,Observatorio,PRO-1219,15,Not started,,
Google Research,Observatorio,PRO-1231,15,Not started,,Information Technology
ZTE Corporation,Observatorio,PRO-1264,15,Not started,,
Haas Automation,Observatorio,PRO-1273,15,Not started,,
AstraZeneca plc,Observatorio,PRO-1286,15,Not started,,
Koch Industries,Observatorio,PRO-1486,15,Not started,,
Google Deepmind,Observatorio,PRO-1515,15,Not started,,Information Technology
Sigma Alimentos,Observatorio,PRO-1541,15,Not started,,Food Industry
"BlackRock, Inc.",Observatorio,PRO-1557,15,Not started,,Investment Industry
Industrial Park,,PRO-1053,15,Not started,,
JetBrains s.r.o.,Observatorio,PRO-1131,16,Not started,,Information Technology
Zoho Corporation,Observatorio,PRO-1606,16,Not started,,
"Salesforce, Inc.",Observatorio,PRO-1607,16,Not started,,
Caterpillar Inc.,Observatorio,PRO-1196,16,Not started,,Heavy Equipment
Novo Nordisk A/S,Observatorio,PRO-1290,16,Not started,,
Scripps Research,Observatorio,PRO-1355,16,Not started,,
RAND Corporation,Observatorio,PRO-1396,16,Not started,,
"ServiceNow, Inc.",Observatorio,PRO-1453,16,Not started,,
"Amazon.com, Inc.",Observatorio,PRO-1501,16,Not started,,
Steyr Mannlicher,Observatorio,PRO-1514,16,Not started,,
Mitsubishi Group,Observatorio,PRO-1520,16,Not started,,Business Group
Zoho Corporation,Observatorio,PRO-1523,16,Not started,,
Business Finland,Observatorio,PRO-1526,16,Not started,,
MTU Aero Engines,Observatorio,PRO-1560,16,Not started,,
Industry Mapping,Lab. Teoría Métodos y Herramientas Arbitristas,PRO-1603,16,Done,,
"Tyson Foods, Inc.",Observatorio,PRO-1122,17,Not started,,Food Industry
Micron Technology,Observatorio,PRO-1144,17,Not started,,Semiconductor Industry
RD 1.0 Efemerides,,PRO-675,17,Not started,,PRO-2
Sumco Corporation,Observatorio,PRO-1182,17,Not started,,Semiconductor Industry
BHP Group Limited,Observatorio,PRO-1203,17,Not started,,Mining Industry
FedEx Corporation,Observatorio,PRO-1214,17,Not started,,
On State Agencies,,PRO-101,17,Not started,,PRO-7
Wolfram Institute,Observatorio,PRO-1265,17,Not started,,
Okuma Corporation,Observatorio,PRO-1272,17,Not started,,
Johnson & Johnson,Observatorio,PRO-1294,17,Not started,,
"Merck & Co., Inc.",Observatorio,PRO-1295,17,Not started,,
Manufacturing USA,Observatorio,PRO-1393,17,Not started,,
Pasteur Institute,Observatorio,PRO-1413,17,Not started,,
Kongsberg Gruppen,Observatorio,PRO-1449,17,Not started,,
Temasek  Holdings,Observatorio,PRO-1464,17,Not started,,
SRI International,Observatorio,PRO-1472,17,Not started,,
Robert Bosch GmbH,Observatorio,PRO-1510,17,Not started,,
Sveriges Riksbank,Observatorio,PRO-1553,17,Not started,,Central Bank
Tokmanni Group Oyj,Observatorio,PRO-1118,18,Not started,,Retail Industry
Oracle Corporation,Observatorio,PRO-1141,18,Not started,,Information Technology
History of Finance,Observatorio,PRO-1608,18,Not started,,History
SIX Swiss Exchange,Observatorio,PRO-1617,18,Not started,,Finance Industry
Enterprise Ireland,Observatorio,PRO-1161,18,Not started,,
BlackBerry Limited,Observatorio,PRO-1635,18,Not started,,
Microsoft Research,Observatorio,PRO-1232,18,Not started,,
Trumpf SE + Co. KG,Observatorio,PRO-1267,18,Not started,,
"DMG Mori Co., Ltd.",Observatorio,PRO-1269,18,Not started,,
The Boeing Company,Observatorio,PRO-1277,18,Not started,,
Syngenta Global AG,Observatorio,PRO-1280,18,Not started,,Chemical Industry
Santa Fe Institute,Observatorio,PRO-1381,18,Not started,,
Academia de Atenas,Observatorio,PRO-1402,18,Not started,,
Harvard Growth Lab,Observatorio,PRO-1411,18,Not started,,Laboratory
Fraunhofer Society,Observatorio,PRO-1419,18,Not started,,
Ernst & Young (EY),Observatorio,PRO-1504,18,Not started,,
Slack Technologies,Observatorio,PRO-1509,18,Not started,,
McKinsey & Company,Observatorio,PRO-1544,18,Not started,,
Anduril Industries,Observatorio,PRO-1566,18,Not started,,
Ford Motor Company,Observatorio,PRO-1567,18,Not started,,
"Cisco Systems, Inc.",Observatorio,PRO-1132,19,Not started,,Information Technology
"AB Motala Verkstad ",Observatorio,PRO-1174,19,Not started,,
CNH Industrial N.V.,Observatorio,PRO-1189,19,Not started,,Heavy Equipment
Abbott Laboratories,Observatorio,PRO-1287,19,Not started,,
" Lincoln Laboratory",Observatorio,PRO-1375,19,Not started,,
Pew Research Center,Observatorio,PRO-1377,19,Not started,,
Research University,,PRO-1645,19,Not started,,
BYD Company Limited,Observatorio,PRO-1446,19,Not started,1995,Enterprise
GIC Private Limited,Observatorio,PRO-1473,19,Not started,,
Booz Allen Hamilton,Observatorio,PRO-1492,19,Not started,,
GIC Private Limited,Observatorio,PRO-1551,19,Not started,,
Korean Trade Policy,Observatorio,PRO-1569,19,Not started,,Case Study
Korea Exchange (KRX),Observatorio,PRO-1616,20,Not started,,Finance Industry
Enterprise Singapore,Observatorio,PRO-1160,20,Not started,,
Fidelity Investments,Observatorio,PRO-1641,20,Not started,,
"PPG Industries, Inc.",Observatorio,PRO-1183,20,Not started,,Chemical Industry
Ames Research Center,Observatorio,PRO-1224,20,Not started,,
Sinochem Corporation,Observatorio,PRO-1279,20,Not started,,Chemical Industry
"Meta Platforms, Inc.",Observatorio,PRO-1297,20,Not started,,
Karolinska Institute,Observatorio,PRO-1386,20,Not started,,
Dow Chemical Company,Observatorio,PRO-1457,20,Not started,,Chemical Industry
Fidelity Investments,Observatorio,PRO-1538,20,Not started,,
An Essay on Auditing,,PRO-80,20,Not started,,
"Cargill, Incorporated",Observatorio,PRO-1126,21,Not started,,"Food Industry, Retail Industry"
"Tableau Software, LLC",Observatorio,PRO-1136,21,Not started,,Information Technology
Microsoft Corporation,Observatorio,PRO-1140,21,Not started,,Information Technology
Public Administration,,PRO-1048,21,Not started,,Organization
An Essay on Firm Size,Lab. Políticas de Crecimiento,PRO-677,21,Not started,,PRO-7
STMicroelectronics NV,Observatorio,PRO-1177,21,Not started,,Semiconductor Industry
"JPMorgan Chase & Co. ",Observatorio,PRO-1180,21,Not started,,
Tencent Holdings Ltd.,Observatorio,PRO-1281,21,Not started,,Information Technology
Eli Lilly and Company,Observatorio,PRO-1285,21,Not started,,
Brookings Institution,Observatorio,PRO-1401,21,Not started,,
"Leidos Holdings, Inc.",Observatorio,PRO-1527,21,Not started,,
Corporación Mondragon,Observatorio,PRO-1532,21,Not started,,Business Group
RD 1.0 Dominican Laws,,PRO-94,21,Not started,,PRO-2
Moscow Exchange (MOEX),Observatorio,PRO-1614,22,Not started,,Finance Industry
Federal Reserve System,Observatorio,PRO-1629,22,Not started,,Central Bank
Irish Research Council,,PRO-1646,22,Not started,,
MIT Lincoln Laboratory,,PRO-1661,22,Not started,,
China Financing Policy,Observatorio,PRO-1306,22,Not started,,Case Study
Suzhou Industrial Park,Observatorio,PRO-1389,22,Not started,,
Basque Culinary Center,Observatorio,PRO-1408,22,Not started,,
Kaiser Wilhelm Society,Observatorio,PRO-1430,22,Not started,,
Autodesk Instructables,Observatorio,PRO-1507,22,Not started,,
Bridgewater Associates,Observatorio,PRO-1534,22,Not started,,
Chinese Communist Party,,PRO-1676,23,Not started,,
Finnish Food Factory Oy,Observatorio,PRO-1119,23,Not started,,Food Industry
RD 1.0 Dominican Reseña,,PRO-668,23,Not started,,PRO-2
A.P. Møller – Mærsk A/S,Observatorio,PRO-1644,23,Not started,,
German Aerospace Center,Observatorio,PRO-1228,23,Not started,,
F. Hoffmann-La Roche AG,Observatorio,PRO-1293,23,Not started,,
Swiss Finance Institute,Observatorio,PRO-1429,23,Not started,,
"DuPont de Nemours, Inc.",Observatorio,PRO-1451,23,Not started,,
Boston Consulting Group,Observatorio,PRO-1468,23,Not started,,
Tsingshan Holding Group,Observatorio,PRO-1471,23,Not started,1988,
Axa Investment Managers,Observatorio,PRO-1522,23,Not started,,
Finnish Innovation Fund,Observatorio,PRO-1549,23,Not started,,
"Daikin Industries, Ltd.",Observatorio,PRO-1564,23,Not started,,
China Industrial Policy,Observatorio,PRO-1572,23,Not started,,Case Study
China Innovation Policy,Observatorio,PRO-1583,23,Not started,,Case Study
Singapore Exchange (SGX),Observatorio,PRO-1610,24,Not started,,Finance Industry
RD 1.0 Innovation System,,PRO-636,24,Not started,,PRO-2
"Skyworks Solutions, Inc.",Observatorio,PRO-1178,24,Not started,,"Semiconductor Industry, Wireless Industry"
State Street Corporation,Observatorio,PRO-1640,24,Not started,,
"The Vanguard Group, Inc.",Observatorio,PRO-1642,24,Not started,,
Barrick Gold Corporation,Observatorio,PRO-1199,24,Not started,,Mining Industry
An Essay on R&D Manpower,Lab. Políticas de Crecimiento,PRO-143,24,Not started,,PRO-7
Ningbo Haitian Precision,Observatorio,PRO-1270,24,Not started,,
Catalog of Raw Materials,Lab. Políticas de Crecimiento,PRO-59,24,Not started,,Proyecto
LG Corp (LG Corporation),Observatorio,PRO-1516,24,Not started,,
Nippon Steel Corporation,Observatorio,PRO-1562,24,Not started,,
Israel Innovation Policy,Observatorio,PRO-1579,24,Not started,,Case Study
Specialized SMEs Program,Observatorio,PRO-1580,24,Not started,,Case Study
Swiss National Bank (SNB),Observatorio,PRO-1151,25,Not started,,Central Bank
RD 1.0 Dominican Urbanism,,PRO-667,25,Not started,,PRO-2
RD 1.0 Dominican Security,,PRO-663,25,Not started,,PRO-2
Chery Automobile Co. Ltd.,Observatorio,PRO-1184,25,Not started,,
Liebherr-International AG,Observatorio,PRO-1191,25,Not started,,Heavy Equipment
RD 1.0 Policy History Map,,PRO-96,25,Not started,,PRO-2
"ACM Research, Inc. (ACMR)",Observatorio,PRO-1254,25,Not started,,
"Rockwell Automation, Inc.",Observatorio,PRO-1443,25,Not started,,Industrial Automation
"CrowdStrike Holdings, Inc",Observatorio,PRO-1461,25,Not started,,
Finland Industrial Policy,Observatorio,PRO-1570,25,Not started,,Case Study
Finland Innovation Policy,Observatorio,PRO-1576,25,Not started,,Case Study
An Essay on Policy Design,Lab. Teoría Métodos y Herramientas Arbitristas,PRO-14,25,Not started,,
An Essay On Patent System,Lab. Políticas de Crecimiento,PRO-6,25,Not started,,
Japan Exchange Group (JPX),Observatorio,PRO-1624,26,Not started,,Finance Industry
An Essay on Public Housing,,PRO-688,26,Not started,,PRO-7
An Essay on Housing Market,,PRO-687,26,Not started,,PRO-7
Yamazaki Mazak Corporation,Observatorio,PRO-1274,26,Not started,,
An Essay on Policy Testing,Lab. Teoría Métodos y Herramientas Arbitristas,PRO-31,26,Not started,,
Campofrío Food Group S.A.U.,Observatorio,PRO-1130,27,Not started,,Food Industry
London Stock Exchange (LSE),Observatorio,PRO-1622,27,Not started,,
European Central Bank (ECB),Observatorio,PRO-1628,27,Not started,,PRO-7
Chinese Academy of Sciences,,PRO-595,27,Not started,,
Argonne National Laboratory,,PRO-1662,27,Not started,,
Lockheed Martin Corporation,Observatorio,PRO-1218,27,Not started,,
An Essay on State Financing,,PRO-122,27,Not started,,PRO-7
National Science Foundation,Observatorio,PRO-1368,27,Not started,,
Korea Development Institute,Observatorio,PRO-1369,27,Not started,,
Israel Aerospace Industries,Observatorio,PRO-1390,27,Not started,,
The Industrial Policy Group,Observatorio,PRO-1392,27,Not started,,
Israel Innovation Authority,Observatorio,PRO-1394,27,Not started,,
Nordic Council of Ministers,Observatorio,PRO-1428,27,Not started,,
Research Council of Finland,Observatorio,PRO-1431,27,Not started,,
Epicor Software Corporation,Observatorio,PRO-1511,27,Not started,,
International Monetary Fund,Observatorio,PRO-1559,27,Not started,,
China Infrastructure Policy,Observatorio,PRO-1577,27,Not started,,Case Study
Case Study: China Go Global,Observatorio,PRO-1584,27,Not started,,Case Study
Stanford Behavior Design Lab,Observatorio,PRO-1672,28,Not started,,Laboratory
An Essay on Welfare Policies,,PRO-1110,28,Not started,,
Costco Wholesale Corporation,Observatorio,PRO-1604,28,Not started,,
ChangXin Memory Technologies,Observatorio,PRO-1145,28,Not started,,Semiconductor Industry
Taiwan Stock Exchange (TWSE),Observatorio,PRO-1611,28,Not started,,Finance Industry
Mexican Stock Exchange (BMV),Observatorio,PRO-1612,28,Not started,,Finance Industry
An Essay on Welfare Policies,"Lab. Gestión de Riesgos, Observatorio",PRO-1166,28,Not started,,PRO-7
Vingroup Joint Stock Company,Observatorio,PRO-1169,28,Not started,,
An Essay On Cluster Analysis,,PRO-630,28,Not started,,PRO-7
Dutch Research Council (NWO),,PRO-1647,28,Not started,,
Volvo Construction Equipment,Observatorio,PRO-1194,28,Not started,,Heavy Equipment
An Essay on R&D Coordination,Lab. Políticas de Crecimiento,PRO-541,28,Not started,,PRO-7
An Essay on Innovation Chain,Lab. Políticas de Crecimiento,PRO-64,28,Not started,,
Prussian Academy of Sciences,Observatorio,PRO-1351,28,Not started,,
Statistical Bureau of Taiwan,Observatorio,PRO-1385,28,Not started,,
ITI: Investigate to Innovate,Observatorio,PRO-1397,28,Not started,,
Sociedad de Amantes del País,Observatorio,PRO-1398,28,Not started,,
Strategic Defense Initiative,Observatorio,PRO-1575,28,Not started,,Case Study
Brazilian Stock Exchange (B3),Observatorio,PRO-1615,29,Not started,,Finance Industry
	Toronto Stock Exchange (TSX),Observatorio,PRO-1620,29,Not started,,Finance Industry
National Stock Exchange (NSE),Observatorio,PRO-1621,29,Not started,,Finance Industry
Shanghai Stock Exchange (SSE),Observatorio,PRO-1146,29,Not started,,Finance Industry
RD 1.0 Dominican Constitution,,PRO-672,29,Not started,,PRO-2
RD 1.0 Dominican Demographics,,PRO-662,29,Not started,,PRO-2
"Sany Heavy Industry Co., Ltd.",Observatorio,PRO-1192,29,Not started,,Heavy Equipment
Forschungszentrum Jülich GmbH,Observatorio,PRO-1236,29,Not started,,
General Electric Company (GE),Observatorio,PRO-1282,29,Not started,,
Frappe Technologies Pvt. Ltd.,Observatorio,PRO-1506,29,Not started,,
Development Bank of Singapore,Observatorio,PRO-1543,29,Not started,,
"Sany Heavy Industry Co., Ltd.",Observatorio,PRO-1554,29,Not started,,
Productivity Promotion Center,Observatorio,PRO-1573,29,Not started,,Case Study
Case Study: China Program 973,Observatorio,PRO-1574,29,Not started,,Case Study
Case Study: China Program 863,Observatorio,PRO-1578,29,Not started,,Case Study
A Survey on Productive Models,Observatorio,PRO-1588,29,Not started,,PRO-7
An Essay on the Digital State,,PRO-82,29,Not started,,PRO-7
New York Stock Exchange (NYSE),Observatorio,PRO-1626,30,Not started,,Finance Industry
Shenzhen Stock Exchange (SZSE),Observatorio,PRO-1148,30,Not started,,"Enterprise, Finance Industry"
RD 1.0 Dominican Labor Markets,,PRO-669,30,Not started,,PRO-2
RD 1.0 Dominican Energy System,,PRO-660,30,Not started,,PRO-2
World Trade Organization (WTO),Observatorio,PRO-1173,30,Not started,,
The Charles Schwab Corporation,Observatorio,PRO-1181,30,Not started,,Investment Industry
Shanghai Institute of Ceramics,,PRO-556,30,Not started,,
An Essay on Polish Development,Observatorio,PRO-1239,30,Not started,,
The Art of Economic Statecraft,Lab. Políticas de Crecimiento,PRO-68,30,Not started,,
United States of America (USA),,PRO-209,30,Not started,,
VTT Technical Research Centrer,Observatorio,PRO-1349,30,Not started,,
Center for Collective Learning,Observatorio,PRO-1404,30,Not started,,
A Defense of Industrial Policy,Lab. Políticas de Crecimiento,PRO-8,30,Not started,,PRO-7
An Essay On the Virtual Economy,Lab. Políticas de Crecimiento,PRO-1056,31,Not started,,
Hong Kong Stock Exchange (HKEX),Observatorio,PRO-1623,31,Not started,,Finance Industry
An Essay on the Monetary System,Observatorio,PRO-1630,31,Not started,,"Macropolicy, PRO-7"
An Essay on the Feature of Work,Lab. Política Social,PRO-1004,31,Not started,,
Export Development Canada (EDC),Observatorio,PRO-1163,31,Not started,,
RD 1.0 Dominican Socioeconomics,,PRO-673,31,Not started,,PRO-2
RD 1.0 Dominican State Capacity,,PRO-664,31,Not started,,PRO-2
"Zijin Mining Group Co., Limited",Observatorio,PRO-1204,31,Not started,,
Kuehne + Nagel International AG,Observatorio,PRO-1211,31,Not started,,
Inter American Development Bank,Observatorio,PRO-1216,31,Not started,,
Jet Propulsion Laboratory (JPL),Observatorio,PRO-1225,31,Not started,,
An Essay On Policy Coordination,,PRO-130,31,Not started,,PRO-7
An Essay On State Civil Service,,PRO-98,31,Not started,,PRO-7
An Essay on Bureaucratic Models,Lab. Teoría Métodos y Herramientas Arbitristas,PRO-97,31,Not started,,
"Shenyang Machine Tool Co., Ltd.",Observatorio,PRO-1268,31,Not started,,
Instituto Nacional de Industria,Observatorio,PRO-1365,31,Not started,,
Instituto de Ciencias Fotónicas,Observatorio,PRO-1406,31,Not started,,
Institute for Energy Technology,Observatorio,PRO-1493,31,Not started,1948,
"Zoom Video Communications, Inc.",Observatorio,PRO-1499,31,Not started,,
Rafael Advanced Defense Systems,Observatorio,PRO-1500,31,Not started,,
Österreichische Beteiligungs AG,Observatorio,PRO-1537,31,Not started,,
An Essay on Organization Design,Lab. Arbitrista,PRO-36,31,Not started,,PRO-7
Korea Export-Import Bank (KEXIM),Observatorio,PRO-1165,32,Not started,,Export Development
Copenhagen Business School (CBS),,PRO-689,32,Not started,,
RD 1.0 Dominican Monetary System,,PRO-671,32,Not started,,PRO-2
Institute of High Energy Physics,Observatorio,PRO-1170,32,Not started,,
RD 1.0 Dominican Economy History,,PRO-540,32,Not started,,PRO-2
An Essay on the Service Industry,Lab. Políticas de Crecimiento,PRO-539,32,Not started,,In
An Essay on Cultural Development,,PRO-129,32,Not started,,PRO-7
Institut d’Economia de Barcelona,Observatorio,PRO-1252,32,Not started,,
"NAURA Technology Group Co., Ltd.",Observatorio,PRO-1253,32,Not started,,
National Innovation System (NIS),Lab. Lecturas,PRO-1096,32,Not started,,
Siemens Financial Services (SFS),Observatorio,PRO-1477,32,Not started,,
Public Research Institutes (PRI),,PRO-1648,32,Not started,,
"Louis Dreyfus Company B.V. (LDC) ",Observatorio,PRO-1123,33,Not started,,Food Industry
Johannesburg Stock Exchange (JSE),Observatorio,PRO-1613,33,Not started,,Finance Industry
Karlsruhe Institute of Technology,Observatorio,PRO-1167,33,Not started,,
RD 1.0 Dominican Political System,,PRO-654,33,Not started,,PRO-2
Institute of Metal Research (IMR),,PRO-1649,33,Not started,,
MIT Materials Research Laboratory,Observatorio,PRO-1208,33,Not started,,
"United Parcel Service, Inc. (UPS)",Observatorio,PRO-1213,33,Not started,,
An Essay on Systemic Competiviity,Observatorio,PRO-1240,33,Not started,,PRO-7
China General Nuclear Power Group,Observatorio,PRO-1243,33,Not started,,
RD 1.0 Dominican Tributary System,,PRO-95,33,Not started,,PRO-2
Harvard University Medical School,Observatorio,PRO-1348,33,Not started,,
KTH Royal Institute of Technology,Observatorio,PRO-1425,33,Not started,,
Government Pension Fund of Norway,Observatorio,PRO-1521,33,Not started,,
Kuwait Investment Authority (KIA),Observatorio,PRO-1550,33,Not started,,
An Essay on Policy Identification,Lab. Teoría Métodos y Herramientas Arbitristas,PRO-18,33,Not started,,
An Essay on Policy Implementation,Lab. Teoría Métodos y Herramientas Arbitristas,PRO-15,33,Not started,,PRO-7
An Essay on Technology Catching Up,Lab. Políticas de Crecimiento,PRO-683,34,Not started,,PRO-7
RD 1.0 Dominican Financial Markets,,PRO-670,34,Not started,,PRO-2
RD 1.0 Dominican Healthcare System,,PRO-656,34,Not started,,PRO-2
On R&D Based Productive Ecosystems,Lab. Políticas de Crecimiento,PRO-649,34,Not started,,PRO-7
National Physical Laboratory (NPL),,PRO-1663,34,Not started,,
Korea Aerospace Research Institute,Observatorio,PRO-1226,34,Not started,,
Panorama de la Filosofía Hispánica,,PRO-66,34,Not started,,
Council on Foreign Relations (CFR),Observatorio,PRO-1373,34,Not started,,
Saudi Public Investment Fund (PIF),Observatorio,PRO-1530,34,Not started,,
Bank for International Settlements,Observatorio,PRO-1563,34,Not started,,
"Cadena Comercial OXXO, S.A. de C.V.",Observatorio,PRO-1128,35,Not started,,Retail Industry
RD 1.0 Dominican Legislative System,,PRO-657,35,Not started,,PRO-2
RD 1.0 Dominican Educational System,,PRO-655,35,Not started,,PRO-2
Danish National Research Foundation,,PRO-1650,35,Not started,,
An Essay on Exports and Development,Lab. Políticas de Crecimiento,PRO-139,35,Not started,,PRO-7
Industrial Development Bureau (IDB),Observatorio,PRO-1364,35,Not started,,
Mayo Clinic Alix School of Medicine,Observatorio,PRO-1367,35,Not started,,
RISE: Research Institutes of Sweden,Observatorio,PRO-1374,35,Not started,,
Forest Sciences Centre of Catalonia,Observatorio,PRO-1436,35,Not started,,
Shanghai Stock Exchange STAR Market,Observatorio,PRO-1480,35,Not started,,Enterprise
Central Provident Fund Board (CPFB),Observatorio,PRO-1556,35,Not started,,
An Essay On Human Capital Formation,Lab. Política Social,PRO-9,35,Not started,,
An Essay on Coordination Mechanisms,,PRO-84,35,Not started,,
Australian Securities Exchange (ASX),Observatorio,PRO-1619,36,Not started,,Finance Industry
Case Study:  Sweden Industrilization,Observatorio,PRO-1175,36,Not started,,Case Study
Paris Institute of Political Studies,Observatorio,PRO-1187,36,Not started,,
China Shenhua Energy Company Limited,Observatorio,PRO-1200,36,Not started,,Mining Industry
Oak Ridge National Laboratory (ORNL),,PRO-1664,36,Not started,,
Agency for Defense Development (ADD),,PRO-549,36,Not started,,
Lee Kuan Yew School of Public Policy,Observatorio,PRO-1247,36,Not started,,
Xi'an Aircraft Company Limited (XAC),Observatorio,PRO-1276,36,Not started,,
In Support of Policy Experimentation,Lab. Teoría Métodos y Herramientas Arbitristas,PRO-69,36,Not started,,
Max Planck Institute for Mathematics,Observatorio,PRO-1409,36,Not started,,
National Bureau of Economic Research,Observatorio,PRO-1423,36,Not started,,
An Overview of Trade Policy Commerce,,PRO-43,36,Not started,,
Catálogo de Malas Políticas Públicas,"Lab. Infraestructura Energia y Urbanismo, Lab. Política Social, Lab. Políticas de Crecimiento",PRO-39,36,Not started,,
National Key Technologies R&D Program,Observatorio,PRO-1673,37,Not started,,Case Study
An Essay Coordinating Health Research,,PRO-1108,37,Not started,,
An Essay on Innovation Infrastructure,,PRO-651,37,Not started,,PRO-7
Los Alamos National Laboratory (LANL),,PRO-1665,37,Not started,,
An Essay Coordinating Health Research,,PRO-1651,37,Not started,,PRO-7
EU Smart Specialisation Strategy (S3),Observatorio,PRO-1251,37,Not started,,Case Study
"Huawei Investment & Holding Co., Ltd.",Observatorio,PRO-1300,37,Not started,,
An Essay on Evolving RD 1.0 to RD 2.0,,PRO-83,37,Not started,,PRO-7
An Overview of  Patent Analysis Tools,Lab. Teoría Métodos y Herramientas Arbitristas,PRO-62,37,Not started,,Proyecto
St. Jude Children's Research Hospital,Observatorio,PRO-1372,37,Not started,,
Abu Dhabi Investment Authority (ADIA),Observatorio,PRO-1533,37,Not started,,
Monetary Authority of Singapore (MAS),Observatorio,PRO-1539,37,Not started,,Central Bank
An Essay on The Role of Maestroestado,,PRO-85,37,Not started,,
Check Point Software Technologies Ltd.,Observatorio,PRO-1133,38,Not started,,Information Technology
RD 1.0 Dominican Infrastructure System,,PRO-658,38,Not started,,PRO-2
U.S. National Science Foundation (NSF),,PRO-596,38,Not started,,
Laboratorio Nacional Lawrence Berkeley,,PRO-1666,38,Not started,,
Nanyang Technological University (NTU),Observatorio,PRO-1246,38,Not started,,
Eurecat Centro Tecnológico de Cataluña,Observatorio,PRO-1400,38,Not started,,
Vanguard Total Stock Market Index Fund,Observatorio,PRO-1545,38,Not started,,
New Zealand Trade and Enterprise (NZTE),Observatorio,PRO-1632,39,Not started,,
RD 1.0 Dominican Risk Management System,,PRO-665,39,Not started,,PRO-2
An Essay on Society and State Modelling,,PRO-652,39,Not started,,
An Essay on a Dominican Textile Cluster,Lab. Políticas de Crecimiento,PRO-648,39,Not started,,
An Essay On Dominican National Security,,PRO-627,39,Not started,,PRO-7
The Stockholm School of Economics (SSE),Observatorio,PRO-1186,39,Not started,,
The University of Sydney Nano Institute,,PRO-557,39,Not started,,
Groningen Growth and Development Centre,Observatorio,PRO-1237,39,Not started,,
"An Essay On Public Sector  “Reduction“ ",,PRO-133,39,Not started,,PRO-7
Instituto Galego de Promoción Económica,Observatorio,PRO-1435,39,Not started,,
MIT Industrial Performance Center (IPC),Observatorio,PRO-1440,39,Not started,,
"Goldwind Science & Technology Co., Ltd.",Observatorio,PRO-1568,39,Not started,,
An Essay on the Design of State Council,,PRO-86,39,Not started,,PRO-7
Social Doctrine of Arbitrist Laboratory,,PRO-4,39,Not started,,
International Trade Administration (ITA),Observatorio,PRO-1162,40,Not started,,
Case Study: Brazil Agricultural Industry,,PRO-619,40,Not started,,
"Societe Generale and Alliance Bernstein ",Observatorio,PRO-1249,40,Not started,,
Centro Superior de Hostelería de Galicia,Observatorio,PRO-1366,40,Not started,,
Graduate Institute of Ferrous Technology,Observatorio,PRO-1416,40,Not started,,
The Catalan Institute for Water Research,Observatorio,PRO-1434,40,Not started,,
"Huntington Ingalls Industries, Inc. (HII)",Observatorio,PRO-1168,41,Not started,,
China National Nuclear Corporation (CNNC),Observatorio,PRO-1634,41,Not started,,
An Essay On A Dominican Venture Ecosystem,Lab. Políticas de Crecimiento,PRO-638,41,Not started,,PRO-7
Consiglio Nazionale delle Ricerche  (CNR),,PRO-601,41,Not started,,
The National Institute for Nanotechnology,,PRO-561,41,Not started,,
Max Planck Institute for Polymer Research,,PRO-1652,41,Not started,,
China General Technology Group (Genertec),Observatorio,PRO-1271,41,Not started,,
Japan External Trade Organization (JETRO),Observatorio,PRO-1387,41,Not started,,Case Study
Taiwan External Trade Development Council,Observatorio,PRO-1412,41,Not started,,Export Development
Manufacturing Extension Partnership (MEP),Observatorio,PRO-1571,41,Not started,,Case Study
An Essay on Government-Market Relationship,,PRO-684,42,Not started,,PRO-7
Laboratorio Tecnológico del Uruguay (LATU),Observatorio,PRO-1171,42,Not started,,
"An Essay Of Public Services Marketization ",,PRO-132,42,Not started,,PRO-7
Research Institute of Industrial Economics,Observatorio,PRO-1245,42,Not started,,
On Essay On Design of the The Legal System,,PRO-102,42,Not started,,PRO-7
An Essay on Policy Monitoring & Evaluation,Lab. Teoría Métodos y Herramientas Arbitristas,PRO-16,42,Not started,,
An Essay of Strategies for Boosting Exports,Lab. Teoría Métodos y Herramientas Arbitristas,PRO-984,43,Not started,,
RD 1.0 Dominican Land and Natural Resources,,PRO-661,43,Not started,,PRO-2
State Key Laboratory of Advanced Metallurgy,,PRO-1667,43,Not started,,
Helmholtz-Zentrum Dresden-Rossendorf (HZDR),,PRO-563,43,Not started,,
National Renewable Energy Laboratory (NREL),Observatorio,PRO-1207,43,Not started,,
An Essay On Development Policy Coordination,,PRO-131,43,Not started,,PRO-7
China State Shipbuilding Corporation (CSSC),Observatorio,PRO-1242,43,Not started,,
Advanced Micro-Fabrication Equipment (AMEC),Observatorio,PRO-1255,43,Not started,,
Manchester Institute of Innovation Research,Observatorio,PRO-1388,43,Not started,,
A Model of Research & Commercial University,Lab. Políticas de Crecimiento,PRO-1653,43,Not started,,
A Model for Science and Technology  Funding,Lab. Políticas de Crecimiento,PRO-11,43,Not started,,PRO-7
" National Renewable Energy Laboratory (NREL)",Observatorio,PRO-1206,44,Not started,,
An Essay on Design of Infraestructure Policy,,PRO-134,44,Not started,,PRO-7
European Council on Foreign Relations (ECFR),Observatorio,PRO-1262,44,Not started,,
Centre National de la Recherche Scientifique,Observatorio,PRO-1356,44,Not started,,
Merics: Mercator Institute for China Studies,Observatorio,PRO-1391,44,Not started,,
Swiss Financial Market Supervisory Authority,Observatorio,PRO-1414,44,Not started,,
The Nordic Institute for Theoretical Physics,Observatorio,PRO-1422,44,Not started,,
State Development and Investment Corporation,Observatorio,PRO-1491,44,Not started,,
RD 2.0: A Blueprint for State Transformation,,PRO-38,44,Not started,,
RD 2.0: A Blueprint for State Transformation,"Lab. Arbitrista, Observatorio",PRO-1111,44,In progress,,Proyecto
An Export Strategy for the Dominican Republic,"Lab. Políticas de Crecimiento, Observatorio",PRO-1158,45,Not started,,PRO-7
An Essay on The Global Innovation Index (GII),,PRO-676,45,Not started,,
An Essay on the Macroeconomics of Development,Lab. Arbitrista,PRO-136,45,Not started,,"Exchage Rate, PRO-7"
Laboratory for Information & Decision Systems,Observatorio,PRO-1421,45,Not started,,
Export–Import Bank of the United States (EXIM),Observatorio,PRO-1631,46,Not started,,
An Essay on Dominican Macroeconomics Stability,Lab. Gestión de Riesgos,PRO-692,46,Not started,,"PRO-2, PRO-7"
RD 1.0 Dominican Digital Infrastructure System,,PRO-659,46,Not started,,PRO-2
An Essay On Public-Private Partnerships (PPPs),Lab. Teoría Métodos y Herramientas Arbitristas,PRO-142,46,Not started,,PRO-7
National Graduate Institute for Policy Studies,Observatorio,PRO-1358,46,Not started,,
Max Planck Institute for the Study of Societies,Observatorio,PRO-1185,47,Not started,,
Center for Advanced Materials Processing (CAMP),,PRO-567,47,Not started,,
National Institute for Materials Science (NIMS),Observatorio,PRO-1209,47,Not started,,
Marx Planck Institute For Sustainable Materials,Observatorio,PRO-1210,47,Not started,,
Royal Netherlands Aerospace Center  (Royal NLR),Observatorio,PRO-1221,47,Not started,,
Korea Trade-Investment Promotion Agency (KOTRA),Observatorio,PRO-1410,47,Not started,,
Consejo Superior de Investigaciones Científicas,Observatorio,PRO-1437,47,Not started,,
Instituto de Ciencias de la Tierra Jaume Almera,Observatorio,PRO-1438,47,Not started,,
Istituto per la Ricostruzione Industriale (IRI),Observatorio,PRO-1505,47,Not started,,
An Essay on Designing Industrial Policy Projects,,PRO-690,48,Not started,,PRO-7
Helmholtz Association of German Research Centres,,PRO-1654,48,Not started,,
An Essay on the Complexity of Development Policy,,PRO-140,48,Not started,,PRO-7
A New Institutional Innovation: Consilium Magnum,,PRO-100,48,Not started,,PRO-7
(COMECON) Council for Mutual Economic Assistance,Observatorio,PRO-1361,48,Not started,,
An Essay on Intelligent Economic Diversification,Lab. Políticas de Crecimiento,PRO-5,48,Not started,,
The History of Institutionalization of Innovation,Lab. Teoría Métodos y Herramientas Arbitristas,PRO-1678,49,Not started,,Case Study
Instituto Interdisciplinario de Economía Política,,PRO-617,49,Not started,,
Shenzhen Institutes of Advanced Technology (SIAT),Observatorio,PRO-1238,49,Not started,,
United States Small Business Administration (SBA),Observatorio,PRO-1376,49,Not started,,
Max Planck Society for the Advancement of Science,Observatorio,PRO-1384,49,Not started,,
An Essay on the History of the State Audit System,,PRO-93,49,Not started,,PRO-7
An Essay of Society Framework For Solving Problems,,PRO-1107,50,Not started,,
International Business Machines Corporation  (IBM),Observatorio,PRO-1137,50,Not started,,Information Technology
An Essay on Redesigning the Dominican Urban System,,PRO-686,50,Not started,,PRO-7
RD 1.0 Dominican Public/Private Sector Interaction,,PRO-666,50,Not started,,PRO-2
Case Study: Singapore Tecnoproductive  Development,Lab. Políticas de Crecimiento,PRO-628,50,Not started,,
German Research Centre for Artificial Intelligence,Observatorio,PRO-1227,50,Not started,,
An Essay on Method to Study Technology Development,Lab. Teoría Métodos y Herramientas Arbitristas,PRO-138,50,Not started,,
An Essay of Society Framework For Solving Problems,"Lab. Teoría Métodos y Herramientas Arbitristas, Observatorio",PRO-1241,50,Not started,,PRO-7
"Defense Advanced Research Projects Agency (DARPA) ",Observatorio,PRO-1359,50,Not started,,
Escuela Superior de Hostelería y Turismo de Madrid,Observatorio,PRO-1371,50,Not started,,
Federal National Mortgage Association (Fannie Mae),Observatorio,PRO-1535,50,Not started,,
On the Necessity of a New Age of Humanistic Revival,"Lab. Política Social, Observatorio",PRO-1153,51,Not started,,
An Essay on Cluster: The Heart of Productive Policy,Lab. Teoría Métodos y Herramientas Arbitristas,PRO-996,51,Not started,,
An Essay on National Strategies of Export Promotion,Lab. Teoría Métodos y Herramientas Arbitristas,PRO-985,51,Not started,,
Advanced Research Projects Agency - Energy (ARPA-E),,PRO-1655,51,Not started,,
On the Design of the “Tribunal de Oposición” System,,PRO-103,51,Not started,,PRO-7
Ministry of International Trade and Industry (MITI),Observatorio,PRO-1352,51,Not started,,
An Essay on Designing a Private R&D Services Market,Lab. Políticas de Crecimiento,PRO-20,51,Not started,,
Centro Brasileiro de Relações Internacionais (CEBRI),Observatorio,PRO-1157,52,Not started,,Laboratory
ACCIÓ - Agencia para la Competitividad de la Empresa,Observatorio,PRO-1159,52,Not started,,
Advanced Steel Processing & Products Research Center,,PRO-1656,52,Not started,,
The Norman B. Keevil Institute of Mining Engineering,,PRO-564,52,Not started,,
National Aeronautics and Space Administration (NASA),Observatorio,PRO-1223,52,Not started,,
Council for Economic Planning and Development (CEPD),Observatorio,PRO-1380,52,Not started,,
"Agency for Science, Technology and Research (A*STAR)",Observatorio,PRO-1383,52,Not started,,
Agencia Vasca de Desarrollo Empresarial (Grupo Spri),Observatorio,PRO-1395,52,Not started,,
ACCIÓ - Agencia para la Competitividad de la Empresa,Observatorio,PRO-1426,52,Not started,,
Federal Home Loan Mortgage Corporation (Freddie Mac),Observatorio,PRO-1546,52,Not started,,
RD 1.0 Ontology Model: Dominican Public Institutions,Observatorio,PRO-1589,52,Not started,,PRO-2
An Essay on Dominican Economic & Development Thinking,,PRO-1106,53,Not started,,
An Essay on Designing an Effective Legislative System,Lab. Arbitrista,PRO-1075,53,Not started,,PRO-7
An Essay on Dominican Economic & Development Thinking,Observatorio,PRO-1172,53,Not started,,"PRO-2, PRO-7"
French National Centre for Scientific Research (CNRS),,PRO-1657,53,Not started,,
"China Northern Rare Earth (Group) High-tech Co., Ltd.",Observatorio,PRO-1643,53,Not started,,
An Essay on the Financial Architecture of Development,Lab. Políticas de Crecimiento,PRO-141,53,Not started,,PRO-7
Electronics and Telecommunications Research Institute,Observatorio,PRO-1301,53,Not started,,
Center for Strategic and International Studies (CSIS),Observatorio,PRO-1357,53,Not started,,
Peterson Institute for International Economics (PIIE),Observatorio,PRO-1415,53,Not started,,
(ITIF) Information Technology & Innovation Foundation,Observatorio,PRO-1420,53,Not started,,
National Institute of Standards and Technology (NIST),Observatorio,PRO-1439,53,Not started,,
Colegio Oficial de Ingenieros Industriales de Navarra,Observatorio,PRO-1441,53,Not started,,
Consejo Superior de Investigaciones Científicas (CSIC),,PRO-603,54,Not started,,
London School of Economics and Political Science (LSE),,PRO-593,54,Not started,,
An Essay on ESP (Enterprises with State Participation),,PRO-87,54,Not started,,PRO-7
Government National Mortgage Association  (Ginnie Mae),Observatorio,PRO-1540,54,Not started,,
"An Essay on {Software, Robotics}+  Productive Strategy",Lab. Políticas de Crecimiento,PRO-21,54,Not started,,
An  Essay on the “Black - Book“ of Economic Development,Lab. Teoría Métodos y Herramientas Arbitristas,PRO-983,55,Not started,,
RD 1.0 Dominican Public Opinion & Information Landscape,,PRO-674,55,Not started,,PRO-2
On the Design of the Dominica System of Risk Management,Lab. Gestión de Riesgos,PRO-641,55,Not started,,PRO-7
Federal Institute for Geosciences and Natural Resources,,PRO-562,55,Not started,,
An Essay on State - Citizens - Legal Entities Relations,,PRO-125,55,Not started,,PRO-7
"Zoomlion Heavy Industry Science and Technology Co., Ltd.",Observatorio,PRO-1190,56,Not started,,Heavy Equipment
California Public Employees' Retirement System (CalPERS),Observatorio,PRO-1555,56,Not started,,
An Essay On Design of the Dominican Innovation Ecosystem,Lab. Políticas de Crecimiento,PRO-12,56,Not started,,PRO-7
Case Study: Dominican Republic Growth Without Development,"Lab. Arbitrista, Observatorio",PRO-1154,57,Not started,,PRO-2
A Gran Strategy for Development in the Dominican Republic,Lab. Políticas de Crecimiento,PRO-615,57,Not started,,PRO-7
Johns Hopkins University Applied Physics Laboratory (APL),,PRO-1668,57,Not started,,
Observatorio Regional de Planificación para el Desarrollo,Observatorio,PRO-1250,57,Not started,,
CEPAL: Comisión Económica para América Latina y el Caribe,Observatorio,PRO-1427,57,Not started,,
Estrategia de Desarrollo Industrial de Canarias 2022-2027,Observatorio,PRO-1582,57,Not started,,Case Study
An Essay On the Institutional Architecture of Development,Lab. Políticas de Crecimiento,PRO-10,57,Not started,,PRO-7
Red de Laboratorios de Innovación: Marco y Funcionamiento,Observatorio,PRO-1602,57,Not started,,
King Abdullah University of Science and Technology (KAUST),Observatorio,PRO-1304,58,Not started,,
Catalan Institute of Nanoscience and Nanotechnology (ICN2),Observatorio,PRO-1353,58,Not started,,
Fraunhofer Institute for Material and Beam Technology (IWS),,PRO-566,59,Not started,,
Mapping the Underlying Technology and Know-How of a Product,Lab. Teoría Métodos y Herramientas Arbitristas,PRO-61,59,Not started,,
Institute for Biocomputation and Physics of Complex Systems,Observatorio,PRO-1433,59,Not started,,
SMIC: Semiconductor Manufacturing International Corporation,Observatorio,PRO-1561,59,Not started,,
A Design Proposal for Techno-industrial Intelligence System,Lab. Arbitrista,PRO-42,59,Not started,,Proyecto
An Essay on Dominican Growth and Industry Structure 1844-220,Observatorio,PRO-1155,60,Not started,,PRO-2
Banco Nacional de Desenvolvimento Econômico e Social (BNDES),Observatorio,PRO-1633,60,Not started,,
Case Study: Emergence of Sweden Textile Productive Ecosystem,Observatorio,PRO-1176,60,Not started,,Case Study
National Institutes for Quantum Science and Technology (QST),Observatorio,PRO-1229,60,Not started,,
The Royal Institute of International Affairs (Chatham House),Observatorio,PRO-1256,60,Not started,,
An Essay on Dominican Growth and Industry Structure 1844-2020,,PRO-1105,61,Not started,,
(Washington State University) Institute of Materials Research,Observatorio,PRO-1205,61,Not started,,
A*STAR Institute of Materials Research and Engineering (IMRE),,PRO-1658,61,Not started,,
Case Study: Japan’s Government and Institutional Architecture,,PRO-528,61,Not started,,
Case Study:  Invest 2035: The UK’s Modern Industrial Strategy,Lab. Políticas de Crecimiento,PRO-149,61,Not started,,
"Shanghai Micro Electronics Equipment (Group) Co., Ltd. (SMEE)",Observatorio,PRO-1260,61,Not started,,
(OECD) Organisation for Economic Co-operation and Development,Observatorio,PRO-1407,61,Not started,,
An Essay on the Determinants of Production Costs in a Location,,PRO-633,62,Not started,,
Case Study: Latvia’s Government and Institutional Architecture,,PRO-530,62,Not started,,
Case Study: Sweden’s Government and Institutional Architecture,,PRO-524,62,Not started,,
Fraunhofer Institute for Systems and Innovation Research (ISI),Observatorio,PRO-1363,62,Not started,,
Analisis: Ley 1-12 Estrategia Nacional de Desarrollo (END) 2030,,PRO-1104,63,Not started,,
An Essay on State Intelligence and Analysis Research and Action,,PRO-1103,63,Not started,,
Case Study: Austria’s Government and Institutional Architecture,,PRO-526,63,Not started,,
Case Study: Estonia’s Government and Institutional Architecture,,PRO-523,63,Not started,,
Office National d'Études et de Recherches Aérospatiales (ONERA),Observatorio,PRO-1220,63,Not started,,
An Essay on State Intelligence and Analysis Research and Action,Lab. Teoría Métodos y Herramientas Arbitristas,PRO-1659,63,Not started,,
Analisis: Ley 1-12 Estrategia Nacional de Desarrollo (END) 2030,Observatorio,PRO-1586,63,Not started,,
Organizational History of Innovation (> Industrial Research Lab),,PRO-1671,64,Not started,,Laboratory
Case Study: An Analysis of the Dominican Republic's Film Cluster,,PRO-1102,64,Not started,,
Case Study: An Analysis of the Dominican Republic's Film Cluster,"Lab. Políticas de Crecimiento, Observatorio",PRO-1152,64,Not started,,"PRO-2, PRO-7"
Real Instituto Elcano de Estudios Internacionales y Estratégicos,Observatorio,PRO-1350,64,Not started,,
Case Study: Lithuania’s Government and Institutional Architecture,,PRO-531,65,Not started,,
Case Study: Singapore’s Government and Institutional Architecture,,PRO-525,65,Not started,,
An Essay on Dominican Territorial Organization and Administration,Lab. Arbitrista,PRO-88,65,Not started,,PRO-7
On the Emergence and Convergence of Complex Productive Ecosystems,Lab. Teoría Métodos y Herramientas Arbitristas,PRO-74,65,Not started,,PRO-7
On Techno-productive Policy for  Generic Industries & Technologies,,PRO-642,66,Not started,,PRO-7
Beijing Institute of Mathematical Sciences and Applications (BIMSA),Observatorio,PRO-1674,67,Not started,,Laboratory
Case Study: Switzerland’s Government and Institutional Architecture,,PRO-529,67,Not started,,
Case Study: New Zealand’s Government and Institutional Architecture,,PRO-527,67,Not started,,
MIT Computer Science and Artificial Intelligence Laboratory (CSAIL),Observatorio,PRO-1234,67,Not started,,
Hong Kong Applied Science and Technology Research Institute (ASTRI),Observatorio,PRO-1244,67,Not started,,
A Study of the Selection Criteria for Members of a Consilium Magnum,,PRO-99,67,Not started,,PRO-7
An Essay on Design of the  Education System: S&T + Technical Training,Lab. Política Social,PRO-137,69,Not started,,PRO-7
Swiss Federal Laboratories for Materials Science and Technology (Empa),,PRO-1669,70,Not started,,
An Essay on Development of the Foundational Key  National Data Economy,Lab. Políticas de Crecimiento,PRO-135,70,Not started,,PRO-7
Case Study: An Analysis of the Dominican Republic's Migrant Remittances,,PRO-1101,71,Not started,,
Case Study: An Analysis of the Dominican Republic's Migrant Remittances,Observatorio,PRO-1156,71,Not started,,PRO-2
National Institute of Advanced Industrial Science and Technology (AIST),Observatorio,PRO-1417,71,Not started,,
Institut National de Recherche en Informatique et en Automatique (INRIA),Observatorio,PRO-1235,72,Not started,,
The Commonwealth Scientific and Industrial Research Organisation (CSIRO),Observatorio,PRO-1370,72,Not started,,
An Essay On Urban Agglomeration: The Concentration of Activities in Cities,Lab. Teoría Métodos y Herramientas Arbitristas,PRO-145,74,Not started,,
An Essay On Using The Public Sector Agencies Budged for Innovation Promotion,,PRO-629,76,Not started,,PRO-7
An Essay On State Investments For The Development of High Advanced Industries,,PRO-147,77,Not started,,PRO-7
Fraunhofer Institute for Manufacturing Technology and Advanced Materials IFAM,Observatorio,PRO-1305,77,Not started,,
Cartilla minima para razonar sobre  el desarrollo dominicano: marcos y modelos,,PRO-1100,78,Not started,,
An Essay on the Blurring of Boundaries Between the Service Sector and Industry,Lab. Teoría Métodos y Herramientas Arbitristas,PRO-632,78,Not started,,
Cartilla minima para razonar sobre  el desarrollo dominicano: marcos y modelos,Observatorio,PRO-1587,78,Not started,,
"An Essay on the Effects of Co-location on Work, Innovation, and Training Spaces",Lab. Arbitrista,PRO-33,79,Not started,,
Case Study: An Analysis of the Dominican Republic's Tourism and Hospitality Cluster,,PRO-1099,83,Not started,,
Case Study: An Analysis of the Dominican Republic's Tourism and Hospitality Cluster,"Lab. Políticas de Crecimiento, Observatorio",PRO-1179,83,Not started,,"PRO-2, PRO-7"
Case Study: Nova Indústria Brasil - Plano de Ação para a Neoindustrialização 2024-2026,Lab. Políticas de Crecimiento,PRO-614,86,Not started,,Case Study
Case Study: 2030 Agenda for Sustainable Development:  Neither Development Nor Sustainable,,PRO-148,89,Not started,,PRO-7
State-owned Assets Supervision and Administration Commission of the State Council (SASAC),Observatorio,PRO-1266,89,Not started,,
Case Study: Innovation Fund for Small and Medium Technology-based Firms (Innofund) Program,Observatorio,PRO-1581,90,Not started,,Case Study
An Essay on the Design of a Computational Engine for Analyzing and Modeling Dominican Society,,PRO-1097,93,Not started,,
An Essay on the Design of a Computational Engine for Analyzing and Modeling Dominican Society,Observatorio,PRO-1585,93,Not started,,Proyecto
An Essay on Councils as Fundamental Building Blocks of the Institutional Structure in the Dominican Public Sector,Lab. Teoría Métodos y Herramientas Arbitristas,PRO-542,113,Not started,,PRO-7